,id,alias,name,image_url,is_closed,url,review_count,categories,rating,coordinates,transactions,price,location,phone,display_phone,distance
0,anBWvFPOce4nl3qLX-H6Rg,el-mero-mero-long-island-city,El Mero Mero,https://s3-media2.fl.yelpcdn.com/bphoto/7tp30klraR5JTG73cKSt9A/o.jpg,False,https://www.yelp.com/biz/el-mero-mero-long-island-city?adjust_creative=TKz2edtltxgYtPzgSrH9EQ&utm_campaign=yelp_api_v3&utm_medium=api_v3_business_search&utm_source=TKz2edtltxgYtPzgSrH9EQ,81,"[{'alias': 'mexican', 'title': 'Mexican'}]",4.5,"{'latitude': 40.753834323302, 'longitude': -73.923701159656}","['pickup', 'delivery']",$$,"{'address1': '35-57 38th St', 'address2': '', 'address3': None, 'city': 'Long Island City', 'zip_code': '11101', 'country': 'US', 'state': 'NY', 'display_address': ['35-57 38th St', 'Long Island City, NY 11101']}",+17183922444,(718) 392-2444,1457.1140726924923
1,6AJwsgXr7YwsqneGVAdgzw,las-catrinas-mexican-bar-and-eatery-astoria,Las Catrinas Mexican Bar & Eatery,https://s3-media3.fl.yelpcdn.com/bphoto/3uevye47llEi-lAXf5RYPw/o.jpg,False,https://www.yelp.com/biz/las-catrinas-mexican-bar-and-eatery-astoria?adjust_creative=TKz2edtltxgYtPzgSrH9EQ&utm_campaign=yelp_api_v3&utm_medium=api_v3_business_search&utm_source=TKz2edtltxgYtPzgSrH9EQ,301,"[{'alias': 'mexican', 'title': 'Mexican'}, {'alias': 'cocktailbars', 'title': 'Cocktail Bars'}]",4.0,"{'latitude': 40.7614214682633, 'longitude': -73.9246649456171}","['pickup', 'delivery']",$$,"{'address1': '32-02 Broadway', 'address2': '', 'address3': None, 'city': 'Astoria', 'zip_code': '11106', 'country': 'US', 'state': 'NY', 'display_address': ['32-02 Broadway', 'Astoria, NY 11106']}",+19177450969,(917) 745-0969,642.5257707161409
2,AUyKmFjpaVLwc3awfUnqgQ,chela-and-garnacha-astoria,Chela & Garnacha,https://s3-media1.fl.yelpcdn.com/bphoto/ChVbA1_xqLHFXL4Iyh84NA/o.jpg,False,https://www.yelp.com/biz/chela-and-garnacha-astoria?adjust_creative=TKz2edtltxgYtPzgSrH9EQ&utm_campaign=yelp_api_v3&utm_medium=api_v3_business_search&utm_source=TKz2edtltxgYtPzgSrH9EQ,364,"[{'alias': 'mexican', 'title': 'Mexican'}, {'alias': 'wine_bars', 'title': 'Wine Bars'}, {'alias': 'breakfast_brunch', 'title': 'Breakfast & Brunch'}]",4.5,"{'latitude': 40.7557171543477, 'longitude': -73.927811292412}","['pickup', 'delivery']",$$,"{'address1': '33-09 36th Ave', 'address2': '', 'address3': '', 'city': 'Astoria', 'zip_code': '11106', 'country': 'US', 'state': 'NY', 'display_address': ['33-09 36th Ave', 'Astoria, NY 11106']}",+19178326876,(917) 832-6876,1318.3265473785546
3,jeWIYbgBho9vBDhc5S1xvg,chanos-cantina-astoria,Chano's Cantina,https://s3-media3.fl.yelpcdn.com/bphoto/Di8o5LhA8pEK51sYr2rb2A/o.jpg,False,https://www.yelp.com/biz/chanos-cantina-astoria?adjust_creative=TKz2edtltxgYtPzgSrH9EQ&utm_campaign=yelp_api_v3&utm_medium=api_v3_business_search&utm_source=TKz2edtltxgYtPzgSrH9EQ,164,"[{'alias': 'cocktailbars', 'title': 'Cocktail Bars'}, {'alias': 'newmexican', 'title': 'New Mexican Cuisine'}]",4.0,"{'latitude': 40.756621, 'longitude': -73.929336}","['pickup', 'delivery', 'restaurant_reservation']",$$,"{'address1': '35-55 31st', 'address2': '', 'address3': '', 'city': 'Astoria', 'zip_code': '11106', 'country': 'US', 'state': 'NY', 'display_address': ['35-55 31st', 'Astoria, NY 11106']}",+19178327261,(917) 832-7261,1290.4274875130448
4,O7CnII31QnhLIYoUlOXrZA,la-sala-astoria,La Sala,https://s3-media2.fl.yelpcdn.com/bphoto/DZKzPRQZV-q1P6PXKFvaaA/o.jpg,False,https://www.yelp.com/biz/la-sala-astoria?adjust_creative=TKz2edtltxgYtPzgSrH9EQ&utm_campaign=yelp_api_v3&utm_medium=api_v3_business_search&utm_source=TKz2edtltxgYtPzgSrH9EQ,117,"[{'alias': 'cocktailbars', 'title': 'Cocktail Bars'}, {'alias': 'lounges', 'title': 'Lounges'}, {'alias': 'beer_and_wine', 'title': 'Beer, Wine & Spirits'}]",4.5,"{'latitude': 40.7632006, 'longitude': -73.9286183}",[],$$,"{'address1': '3205 Crescent St', 'address2': '', 'address3': '', 'city': 'Astoria', 'zip_code': '11106', 'country': 'US', 'state': 'NY', 'display_address': ['3205 Crescent St', 'Astoria, NY 11106']}",+17186066121,(718) 606-6121,678.8091676380677
5,EHUNrnIgnhwTnpOm3gEESg,tacuba-astoria,Tacuba,https://s3-media4.fl.yelpcdn.com/bphoto/Q6jPz4xg6QPh4NElULobrA/o.jpg,False,https://www.yelp.com/biz/tacuba-astoria?adjust_creative=TKz2edtltxgYtPzgSrH9EQ&utm_campaign=yelp_api_v3&utm_medium=api_v3_business_search&utm_source=TKz2edtltxgYtPzgSrH9EQ,644,"[{'alias': 'mexican', 'title': 'Mexican'}, {'alias': 'tapas', 'title': 'Tapas Bars'}, {'alias': 'latin', 'title': 'Latin American'}]",3.5,"{'latitude': 40.75585, 'longitude': -73.92447}","['pickup', 'delivery']",$$,"{'address1': '35-01 36th St', 'address2': '', 'address3': '', 'city': 'Astoria', 'zip_code': '11106', 'country': 'US', 'state': 'NY', 'display_address': ['35-01 36th St', 'Astoria, NY 11106']}",+17187862727,(718) 786-2727,1229.3517053099579
6,zNcDCPiUsE5aT6jyaCVtmA,frescos-cantina-long-island-city,Fresco's Cantina,https://s3-media2.fl.yelpcdn.com/bphoto/3IdlTTO1Fzft_vzyyqh1mg/o.jpg,False,https://www.yelp.com/biz/frescos-cantina-long-island-city?adjust_creative=TKz2edtltxgYtPzgSrH9EQ&utm_campaign=yelp_api_v3&utm_medium=api_v3_business_search&utm_source=TKz2edtltxgYtPzgSrH9EQ,209,"[{'alias': 'mexican', 'title': 'Mexican'}, {'alias': 'latin', 'title': 'Latin American'}, {'alias': 'newmexican', 'title': 'New Mexican Cuisine'}]",4.5,"{'latitude': 40.76837, 'longitude': -73.93303}","['restaurant_reservation', 'pickup', 'delivery']",$$,"{'address1': '12-14 31st Ave', 'address2': None, 'address3': '', 'city': 'Long Island City', 'zip_code': '11106', 'country': 'US', 'state': 'NY', 'display_address': ['12-14 31st Ave', 'Long Island City, NY 11106']}",+13478087338,(347) 808-7338,927.218713047218
7,wuNTd0mkiHVrErDI0qivAw,viva-viva-taqueria-queens,Viva Viva Taqueria,https://s3-media1.fl.yelpcdn.com/bphoto/swLGeVFhBmCAue3NwiByFg/o.jpg,False,https://www.yelp.com/biz/viva-viva-taqueria-queens?adjust_creative=TKz2edtltxgYtPzgSrH9EQ&utm_campaign=yelp_api_v3&utm_medium=api_v3_business_search&utm_source=TKz2edtltxgYtPzgSrH9EQ,1,"[{'alias': 'newmexican', 'title': 'New Mexican Cuisine'}, {'alias': 'mexican', 'title': 'Mexican'}]",5.0,"{'latitude': 40.7655597163204, 'longitude': -73.9187836336195}",[],,"{'address1': '34-10 30th Ave', 'address2': '', 'address3': None, 'city': 'Queens', 'zip_code': '11103', 'country': 'US', 'state': 'NY', 'display_address': ['34-10 30th Ave', 'Queens, NY 11103']}",,,323.1075421126063
8,QIsFsiOP3H_NkgeWST7GPA,maizal-restaurant-and-tequila-bar-astoria-2,Maizal Restaurant & Tequila Bar,https://s3-media3.fl.yelpcdn.com/bphoto/B2n1tzy4syl3ZSzADRj_dA/o.jpg,False,https://www.yelp.com/biz/maizal-restaurant-and-tequila-bar-astoria-2?adjust_creative=TKz2edtltxgYtPzgSrH9EQ&utm_campaign=yelp_api_v3&utm_medium=api_v3_business_search&utm_source=TKz2edtltxgYtPzgSrH9EQ,295,"[{'alias': 'mexican', 'title': 'Mexican'}, {'alias': 'cocktailbars', 'title': 'Cocktail Bars'}]",4.0,"{'latitude': 40.759331, 'longitude': -73.926035}","['pickup', 'delivery']",$$,"{'address1': '3207 34th Ave', 'address2': None, 'address3': None, 'city': 'Astoria', 'zip_code': '11106', 'country': 'US', 'state': 'NY', 'display_address': ['3207 34th Ave', 'Astoria, NY 11106']}",+17184069431,(718) 406-9431,900.4510911871262
9,2ewrI499NSsA1sNX30K5Dg,lunera-modern-mexican-astoria,Lunera Modern Mexican,https://s3-media2.fl.yelpcdn.com/bphoto/8ZrRc3NJv1kt8N1p72r70w/o.jpg,False,https://www.yelp.com/biz/lunera-modern-mexican-astoria?adjust_creative=TKz2edtltxgYtPzgSrH9EQ&utm_campaign=yelp_api_v3&utm_medium=api_v3_business_search&utm_source=TKz2edtltxgYtPzgSrH9EQ,112,"[{'alias': 'latin', 'title': 'Latin American'}, {'alias': 'newmexican', 'title': 'New Mexican Cuisine'}]",4.0,"{'latitude': 40.7582236, 'longitude': -73.9194022}",['restaurant_reservation'],$$,"{'address1': '3225 Steinway St', 'address2': '', 'address3': None, 'city': 'Astoria', 'zip_code': '11103', 'country': 'US', 'state': 'NY', 'display_address': ['3225 Steinway St', 'Astoria, NY 11103']}",+17187269857,(718) 726-9857,986.2588353002545
10,yvva7IYpD6J7OfKlCdQrkw,mi-espiguita-taqueria-astoria,Mi Espiguita Taqueria,https://s3-media2.fl.yelpcdn.com/bphoto/TEho39G01VJX05mNhI8W8A/o.jpg,False,https://www.yelp.com/biz/mi-espiguita-taqueria-astoria?adjust_creative=TKz2edtltxgYtPzgSrH9EQ&utm_campaign=yelp_api_v3&utm_medium=api_v3_business_search&utm_source=TKz2edtltxgYtPzgSrH9EQ,113,"[{'alias': 'mexican', 'title': 'Mexican'}]",4.5,"{'latitude': 40.7612033639422, 'longitude': -73.9261436462402}","['pickup', 'delivery']",$,"{'address1': '32-44 31st St', 'address2': '', 'address3': '', 'city': 'Astoria', 'zip_code': '11106', 'country': 'US', 'state': 'NY', 'display_address': ['32-44 31st St', 'Astoria, NY 11106']}",+17187775648,(718) 777-5648,714.301080232381
11,yqU1-chsjix3T4EMY2MyxA,athens-grill-and-sports-bar-astoria,Athens Grill & Sports Bar,https://s3-media4.fl.yelpcdn.com/bphoto/VWk0D3GU0kkFUd1d_yPNHg/o.jpg,False,https://www.yelp.com/biz/athens-grill-and-sports-bar-astoria?adjust_creative=TKz2edtltxgYtPzgSrH9EQ&utm_campaign=yelp_api_v3&utm_medium=api_v3_business_search&utm_source=TKz2edtltxgYtPzgSrH9EQ,191,"[{'alias': 'mexican', 'title': 'Mexican'}]",4.0,"{'latitude': 40.7671808396101, 'longitude': -73.9218648523092}",[],$,"{'address1': '3011 30th Ave', 'address2': '', 'address3': '', 'city': 'Astoria', 'zip_code': '11102', 'country': 'US', 'state': 'NY', 'display_address': ['3011 30th Ave', 'Astoria, NY 11102']}",+17187775366,(718) 777-5366,42.77763656839446
12,jFYEsw6_4y4VMpSVB863sw,mojave-astoria-2,Mojave,https://s3-media3.fl.yelpcdn.com/bphoto/5AS8pDB-WIPGJ3VpWXLNyw/o.jpg,False,https://www.yelp.com/biz/mojave-astoria-2?adjust_creative=TKz2edtltxgYtPzgSrH9EQ&utm_campaign=yelp_api_v3&utm_medium=api_v3_business_search&utm_source=TKz2edtltxgYtPzgSrH9EQ,709,"[{'alias': 'southern', 'title': 'Southern'}, {'alias': 'mexican', 'title': 'Mexican'}, {'alias': 'tex-mex', 'title': 'Tex-Mex'}]",3.5,"{'latitude': 40.7753290076368, 'longitude': -73.9119911693115}","['pickup', 'delivery']",$$,"{'address1': '22-36 31st St', 'address2': '', 'address3': '', 'city': 'Astoria', 'zip_code': '11105', 'country': 'US', 'state': 'NY', 'display_address': ['22-36 31st St', 'Astoria, NY 11105']}",+17185454100,(718) 545-4100,1272.4832000412432
13,0tzK7l-DWDpG5UrYKL_mxw,st-james-deli-astoria,St James Deli,https://s3-media1.fl.yelpcdn.com/bphoto/q8neHe7lgPjOUxrclBn7Hg/o.jpg,False,https://www.yelp.com/biz/st-james-deli-astoria?adjust_creative=TKz2edtltxgYtPzgSrH9EQ&utm_campaign=yelp_api_v3&utm_medium=api_v3_business_search&utm_source=TKz2edtltxgYtPzgSrH9EQ,86,"[{'alias': 'mexican', 'title': 'Mexican'}]",4.5,"{'latitude': 40.75843584113, 'longitude': -73.9247259526577}",[],$,"{'address1': '34-02 34th Ave', 'address2': '', 'address3': '', 'city': 'Astoria', 'zip_code': '11106', 'country': 'US', 'state': 'NY', 'display_address': ['34-02 34th Ave', 'Astoria, NY 11106']}",+17184827835,(718) 482-7835,975.84044271171
14,3M6CsWQ_FIAzpxnuqq_eHw,las-margaritas-astoria-restaurant-astoria,Las Margaritas Astoria Restaurant,https://s3-media2.fl.yelpcdn.com/bphoto/ia7etI3LyVRs23NQz27fHA/o.jpg,False,https://www.yelp.com/biz/las-margaritas-astoria-restaurant-astoria?adjust_creative=TKz2edtltxgYtPzgSrH9EQ&utm_campaign=yelp_api_v3&utm_medium=api_v3_business_search&utm_source=TKz2edtltxgYtPzgSrH9EQ,248,"[{'alias': 'mexican', 'title': 'Mexican'}, {'alias': 'lounges', 'title': 'Lounges'}, {'alias': 'cocktailbars', 'title': 'Cocktail Bars'}]",2.5,"{'latitude': 40.7594468, 'longitude': -73.9195285}","['pickup', 'delivery']",$$,"{'address1': '38-01 Broadway', 'address2': None, 'address3': '', 'city': 'Astoria', 'zip_code': '11103', 'country': 'US', 'state': 'NY', 'display_address': ['38-01 Broadway', 'Astoria, NY 11103']}",+17187771707,(718) 777-1707,857.4480607020494
15,W0sXHSSpkiMEDJiBmSLNYQ,trestle-astoria,Trestle,https://s3-media1.fl.yelpcdn.com/bphoto/OQZ2Ej77vt74KQ9DCPxuzA/o.jpg,False,https://www.yelp.com/biz/trestle-astoria?adjust_creative=TKz2edtltxgYtPzgSrH9EQ&utm_campaign=yelp_api_v3&utm_medium=api_v3_business_search&utm_source=TKz2edtltxgYtPzgSrH9EQ,289,"[{'alias': 'cocktailbars', 'title': 'Cocktail Bars'}, {'alias': 'newamerican', 'title': 'American (New)'}]",4.0,"{'latitude': 40.7606154, 'longitude': -73.9229562}","['restaurant_reservation', 'pickup', 'delivery']",$$,"{'address1': '34-02 Broadway', 'address2': '', 'address3': None, 'city': 'Astoria', 'zip_code': '11106', 'country': 'US', 'state': 'NY', 'display_address': ['34-02 Broadway', 'Astoria, NY 11106']}",+13478080290,(347) 808-0290,700.5006551209126
16,2jjxdN9FXWVdx6DEX83krQ,hoja-santa-astoria,Hoja Santa,https://s3-media3.fl.yelpcdn.com/bphoto/xqo13EL7qHVwTDbN2nzUFg/o.jpg,False,https://www.yelp.com/biz/hoja-santa-astoria?adjust_creative=TKz2edtltxgYtPzgSrH9EQ&utm_campaign=yelp_api_v3&utm_medium=api_v3_business_search&utm_source=TKz2edtltxgYtPzgSrH9EQ,33,"[{'alias': 'newmexican', 'title': 'New Mexican Cuisine'}, {'alias': 'mexican', 'title': 'Mexican'}]",4.5,"{'latitude': 40.7638197, 'longitude': -73.914523}",[],,"{'address1': '40-17 30th Ave', 'address2': '', 'address3': None, 'city': 'Astoria', 'zip_code': '11103', 'country': 'US', 'state': 'NY', 'display_address': ['40-17 30th Ave', 'Astoria, NY 11103']}",,,751.5314685207126
17,jzVv_21473lAMYXIhVbuTA,de-mole-astoria-astoria,De Mole Astoria,https://s3-media1.fl.yelpcdn.com/bphoto/zZTTfdIGbQkQQptgQmin1A/o.jpg,False,https://www.yelp.com/biz/de-mole-astoria-astoria?adjust_creative=TKz2edtltxgYtPzgSrH9EQ&utm_campaign=yelp_api_v3&utm_medium=api_v3_business_search&utm_source=TKz2edtltxgYtPzgSrH9EQ,362,"[{'alias': 'mexican', 'title': 'Mexican'}]",4.0,"{'latitude': 40.7625999, 'longitude': -73.9129028}","['pickup', 'delivery']",$$,"{'address1': '4220 30th Ave', 'address2': '', 'address3': '', 'city': 'Astoria', 'zip_code': '11103', 'country': 'US', 'state': 'NY', 'display_address': ['4220 30th Ave', 'Astoria, NY 11103']}",+17187771655,(718) 777-1655,918.0927716406379
18,hyKnC3_a86vaY2iZUkygWw,el-mariachi-restaurant-astoria-2,El Mariachi Restaurant,https://s3-media4.fl.yelpcdn.com/bphoto/rgV0Tf8RExeFhzFqtzRZfQ/o.jpg,False,https://www.yelp.com/biz/el-mariachi-restaurant-astoria-2?adjust_creative=TKz2edtltxgYtPzgSrH9EQ&utm_campaign=yelp_api_v3&utm_medium=api_v3_business_search&utm_source=TKz2edtltxgYtPzgSrH9EQ,232,"[{'alias': 'mexican', 'title': 'Mexican'}]",3.5,"{'latitude': 40.7611304286653, 'longitude': -73.9233571500763}","['pickup', 'delivery']",$,"{'address1': '3311 Broadway', 'address2': '', 'address3': '', 'city': 'Astoria', 'zip_code': '11106', 'country': 'US', 'state': 'NY', 'display_address': ['3311 Broadway', 'Astoria, NY 11106']}",+17185454039,(718) 545-4039,647.727752562148
19,9tlYA026rvZ0m6OBUeZX7w,la-cabana-astoria,La Cabana,https://s3-media3.fl.yelpcdn.com/bphoto/ZFeIcYrIaxOD16u_niVL1Q/o.jpg,False,https://www.yelp.com/biz/la-cabana-astoria?adjust_creative=TKz2edtltxgYtPzgSrH9EQ&utm_campaign=yelp_api_v3&utm_medium=api_v3_business_search&utm_source=TKz2edtltxgYtPzgSrH9EQ,40,"[{'alias': 'grocery', 'title': 'Grocery'}, {'alias': 'mexican', 'title': 'Mexican'}]",4.0,"{'latitude': 40.76564, 'longitude': -73.91929}",[],$,"{'address1': '3318 30th Ave', 'address2': '', 'address3': '', 'city': 'Astoria', 'zip_code': '11103', 'country': 'US', 'state': 'NY', 'display_address': ['3318 30th Ave', 'Astoria, NY 11103']}",+17182677113,(718) 267-7113,280.5608825016958
20,-xa6FYrKd98HQaVDu96JyA,la-chonas-astoria,La Chona's,https://s3-media3.fl.yelpcdn.com/bphoto/l2W6g0HgFWCYc7DDq0PHpA/o.jpg,False,https://www.yelp.com/biz/la-chonas-astoria?adjust_creative=TKz2edtltxgYtPzgSrH9EQ&utm_campaign=yelp_api_v3&utm_medium=api_v3_business_search&utm_source=TKz2edtltxgYtPzgSrH9EQ,15,"[{'alias': 'mexican', 'title': 'Mexican'}, {'alias': 'bars', 'title': 'Bars'}]",3.5,"{'latitude': 40.7593333, 'longitude': -73.9193226}","['pickup', 'delivery']",,"{'address1': '38-07 Broadway', 'address2': '', 'address3': None, 'city': 'Astoria', 'zip_code': '11103', 'country': 'US', 'state': 'NY', 'display_address': ['38-07 Broadway', 'Astoria, NY 11103']}",+17182042406,(718) 204-2406,874.2737026723856
21,JnOYZqzRBHkEB_mvMXph_g,juquila-kitchen-and-bar-long-island-city,Juquila Kitchen and Bar,https://s3-media2.fl.yelpcdn.com/bphoto/NGwnTbSyiatIMrhkl8ixMw/o.jpg,False,https://www.yelp.com/biz/juquila-kitchen-and-bar-long-island-city?adjust_creative=TKz2edtltxgYtPzgSrH9EQ&utm_campaign=yelp_api_v3&utm_medium=api_v3_business_search&utm_source=TKz2edtltxgYtPzgSrH9EQ,98,"[{'alias': 'newmexican', 'title': 'New Mexican Cuisine'}, {'alias': 'tacos', 'title': 'Tacos'}, {'alias': 'cocktailbars', 'title': 'Cocktail Bars'}]",4.0,"{'latitude': 40.7532, 'longitude': -73.93436}","['pickup', 'delivery']",$$,"{'address1': '39-05 29th St', 'address2': None, 'address3': '', 'city': 'Long Island City', 'zip_code': '11101', 'country': 'US', 'state': 'NY', 'display_address': ['39-05 29th St', 'Long Island City, NY 11101']}",+17184820033,(718) 482-0033,1829.2490057875725
22,ci0-GO_iMb0NdTCUYWjocQ,noche-de-margaritas-new-york,Noche De Margaritas,https://s3-media3.fl.yelpcdn.com/bphoto/iYqwmcrgNsgs1561wIs3FA/o.jpg,False,https://www.yelp.com/biz/noche-de-margaritas-new-york?adjust_creative=TKz2edtltxgYtPzgSrH9EQ&utm_campaign=yelp_api_v3&utm_medium=api_v3_business_search&utm_source=TKz2edtltxgYtPzgSrH9EQ,345,"[{'alias': 'mexican', 'title': 'Mexican'}]",4.0,"{'latitude': 40.7801018, 'longitude': -73.9497833}","['pickup', 'delivery']",$$,"{'address1': '1726 2nd Ave', 'address2': '', 'address3': '', 'city': 'New York', 'zip_code': '10128', 'country': 'US', 'state': 'NY', 'display_address': ['1726 2nd Ave', 'New York, NY 10128']}",+12122895195,(212) 289-5195,2759.2940568401787
23,_97KwnwjUHwSVWs-XrlFcg,the-astorian-astoria,The Astorian,https://s3-media1.fl.yelpcdn.com/bphoto/rnN0eWVx3Ev2RYkG9nl2XA/o.jpg,False,https://www.yelp.com/biz/the-astorian-astoria?adjust_creative=TKz2edtltxgYtPzgSrH9EQ&utm_campaign=yelp_api_v3&utm_medium=api_v3_business_search&utm_source=TKz2edtltxgYtPzgSrH9EQ,165,"[{'alias': 'gastropubs', 'title': 'Gastropubs'}, {'alias': 'cocktailbars', 'title': 'Cocktail Bars'}, {'alias': 'newamerican', 'title': 'American (New)'}]",4.5,"{'latitude': 40.76739, 'longitude': -73.92136}",['restaurant_reservation'],$$,"{'address1': '28-50 31st St', 'address2': None, 'address3': '', 'city': 'Astoria', 'zip_code': '11102', 'country': 'US', 'state': 'NY', 'display_address': ['28-50 31st St', 'Astoria, NY 11102']}",+19177451179,(917) 745-1179,91.37535815921818
24,rrsjcQVLg2PkIkO_vPjOLw,the-bonnie-astoria,The Bonnie,https://s3-media1.fl.yelpcdn.com/bphoto/q8q8I6EzAWGdnd1ewxbxmw/o.jpg,False,https://www.yelp.com/biz/the-bonnie-astoria?adjust_creative=TKz2edtltxgYtPzgSrH9EQ&utm_campaign=yelp_api_v3&utm_medium=api_v3_business_search&utm_source=TKz2edtltxgYtPzgSrH9EQ,591,"[{'alias': 'bars', 'title': 'Bars'}, {'alias': 'gastropubs', 'title': 'Gastropubs'}, {'alias': 'beergardens', 'title': 'Beer Gardens'}]",4.0,"{'latitude': 40.7746737, 'longitude': -73.9136003}",[],$$,"{'address1': '29-12 23rd Ave', 'address2': '', 'address3': '', 'city': 'Astoria', 'zip_code': '11105', 'country': 'US', 'state': 'NY', 'display_address': ['29-12 23rd Ave', 'Astoria, NY 11105']}",+17182742105,(718) 274-2105,1128.377251204752
25,cy0vBvZu2Eb4XtRFCp8Seg,conmigo-new-york,Conmigo,https://s3-media1.fl.yelpcdn.com/bphoto/bmHxOBSPVuLeOIvIiyvnHg/o.jpg,False,https://www.yelp.com/biz/conmigo-new-york?adjust_creative=TKz2edtltxgYtPzgSrH9EQ&utm_campaign=yelp_api_v3&utm_medium=api_v3_business_search&utm_source=TKz2edtltxgYtPzgSrH9EQ,193,"[{'alias': 'cocktailbars', 'title': 'Cocktail Bars'}, {'alias': 'tacos', 'title': 'Tacos'}]",4.0,"{'latitude': 40.77793, 'longitude': -73.94902}","['pickup', 'delivery']",$$,"{'address1': '1685 1st Ave', 'address2': '', 'address3': None, 'city': 'New York', 'zip_code': '10128', 'country': 'US', 'state': 'NY', 'display_address': ['1685 1st Ave', 'New York, NY 10128']}",+12122560056,(212) 256-0056,2575.8146991442213
26,4EGq0GMAJwGIrfhVg4PxVw,swick-2-astoria-2,Swick 2,https://s3-media2.fl.yelpcdn.com/bphoto/mgsppD4nPdKPQfmpHaF8hQ/o.jpg,False,https://www.yelp.com/biz/swick-2-astoria-2?adjust_creative=TKz2edtltxgYtPzgSrH9EQ&utm_campaign=yelp_api_v3&utm_medium=api_v3_business_search&utm_source=TKz2edtltxgYtPzgSrH9EQ,35,"[{'alias': 'mexican', 'title': 'Mexican'}, {'alias': 'breakfast_brunch', 'title': 'Breakfast & Brunch'}, {'alias': 'coffee', 'title': 'Coffee & Tea'}]",4.0,"{'latitude': 40.7564825, 'longitude': -73.9254339}","['pickup', 'delivery']",$,"{'address1': '3504 35th St', 'address2': '', 'address3': None, 'city': 'Astoria', 'zip_code': '11106', 'country': 'US', 'state': 'NY', 'display_address': ['3504 35th St', 'Astoria, NY 11106']}",+17187866096,(718) 786-6096,1188.8327167790283
27,x8UoT9ODOMcpLdYh__sXjg,esquina-tequila-new-york,Esquina Tequila,https://s3-media3.fl.yelpcdn.com/bphoto/vyNiOvK81i6APZe3EXNS-g/o.jpg,False,https://www.yelp.com/biz/esquina-tequila-new-york?adjust_creative=TKz2edtltxgYtPzgSrH9EQ&utm_campaign=yelp_api_v3&utm_medium=api_v3_business_search&utm_source=TKz2edtltxgYtPzgSrH9EQ,11,"[{'alias': 'mexican', 'title': 'Mexican'}]",3.0,"{'latitude': 40.75285, 'longitude': -73.92371}","['pickup', 'delivery']",,"{'address1': '40-01 Northern Blvd', 'address2': None, 'address3': '', 'city': 'New York', 'zip_code': '11101', 'country': 'US', 'state': 'NY', 'display_address': ['40-01 Northern Blvd', 'New York, NY 11101']}",+17187293301,(718) 729-3301,1581.4080576158751
28,u9xVzV1OZC5pwtUgaHLM-A,el-kallejon-new-york,El Kallejon,https://s3-media1.fl.yelpcdn.com/bphoto/O0OSypsBwLBnrfNsNJa37A/o.jpg,False,https://www.yelp.com/biz/el-kallejon-new-york?adjust_creative=TKz2edtltxgYtPzgSrH9EQ&utm_campaign=yelp_api_v3&utm_medium=api_v3_business_search&utm_source=TKz2edtltxgYtPzgSrH9EQ,277,"[{'alias': 'tapas', 'title': 'Tapas Bars'}, {'alias': 'mexican', 'title': 'Mexican'}, {'alias': 'cocktailbars', 'title': 'Cocktail Bars'}]",4.5,"{'latitude': 40.798538, 'longitude': -73.938805}",[],$$,"{'address1': '209 E 117th St', 'address2': None, 'address3': None, 'city': 'New York', 'zip_code': '10035', 'country': 'US', 'state': 'NY', 'display_address': ['209 E 117th St', 'New York, NY 10035']}",+16466494795,(646) 649-4795,3786.907900607895
29,uvcEo61aL2F8e4PCzwZsYg,chihuahua-sunnyside,Chihuahua,https://s3-media4.fl.yelpcdn.com/bphoto/nyeheMnxMYLCLu_-VQxmiA/o.jpg,False,https://www.yelp.com/biz/chihuahua-sunnyside?adjust_creative=TKz2edtltxgYtPzgSrH9EQ&utm_campaign=yelp_api_v3&utm_medium=api_v3_business_search&utm_source=TKz2edtltxgYtPzgSrH9EQ,138,"[{'alias': 'mexican', 'title': 'Mexican'}]",4.5,"{'latitude': 40.7425222545862, 'longitude': -73.9176765829325}","['pickup', 'delivery']",$$,"{'address1': '47-02 Greenpoint Ave', 'address2': '', 'address3': '', 'city': 'Sunnyside', 'zip_code': '11104', 'country': 'US', 'state': 'NY', 'display_address': ['47-02 Greenpoint Ave', 'Sunnyside, NY 11104']}",+13475310954,(347) 531-0954,2744.44395928664
30,fjE_lpKblhrN_48X2ca-7w,mezquite-restaurant-astoria,Mezquite Restaurant,https://s3-media4.fl.yelpcdn.com/bphoto/L7_SD1hTZy_M9azTB38Hpg/o.jpg,False,https://www.yelp.com/biz/mezquite-restaurant-astoria?adjust_creative=TKz2edtltxgYtPzgSrH9EQ&utm_campaign=yelp_api_v3&utm_medium=api_v3_business_search&utm_source=TKz2edtltxgYtPzgSrH9EQ,257,"[{'alias': 'mexican', 'title': 'Mexican'}, {'alias': 'peruvian', 'title': 'Peruvian'}, {'alias': 'seafood', 'title': 'Seafood'}]",4.0,"{'latitude': 40.76167, 'longitude': -73.9109}","['pickup', 'delivery']",$$,"{'address1': '45-06 30th Ave', 'address2': '', 'address3': '', 'city': 'Astoria', 'zip_code': '11103', 'country': 'US', 'state': 'NY', 'display_address': ['45-06 30th Ave', 'Astoria, NY 11103']}",+17182551722,(718) 255-1722,1112.4600711806427
31,Fp2QuKOu_zCjOxbyCLfnjw,el-rey-restaurant-astoria,El Rey Restaurant,https://s3-media1.fl.yelpcdn.com/bphoto/pJkB-DhwUDueHi0EfrIdMQ/o.jpg,False,https://www.yelp.com/biz/el-rey-restaurant-astoria?adjust_creative=TKz2edtltxgYtPzgSrH9EQ&utm_campaign=yelp_api_v3&utm_medium=api_v3_business_search&utm_source=TKz2edtltxgYtPzgSrH9EQ,72,"[{'alias': 'mexican', 'title': 'Mexican'}]",3.5,"{'latitude': 40.77137, 'longitude': -73.92198}","['pickup', 'delivery']",$$,"{'address1': '25-21 Astoria Blvd', 'address2': '', 'address3': '', 'city': 'Astoria', 'zip_code': '11102', 'country': 'US', 'state': 'NY', 'display_address': ['25-21 Astoria Blvd', 'Astoria, NY 11102']}",+17185452292,(718) 545-2292,498.9724331760693
32,7RgdHGMY9Xa2Ur5y7vSBZQ,homemade-taqueria-long-island-city,Homemade Taqueria,https://s3-media4.fl.yelpcdn.com/bphoto/V1dNgOWK5Zf6C7qXA_trUg/o.jpg,False,https://www.yelp.com/biz/homemade-taqueria-long-island-city?adjust_creative=TKz2edtltxgYtPzgSrH9EQ&utm_campaign=yelp_api_v3&utm_medium=api_v3_business_search&utm_source=TKz2edtltxgYtPzgSrH9EQ,337,"[{'alias': 'tacos', 'title': 'Tacos'}]",4.0,"{'latitude': 40.7546939084048, 'longitude': -73.9165629007979}","['pickup', 'delivery']",$,"{'address1': '45-09 34th Ave', 'address2': '', 'address3': '', 'city': 'Long Island City', 'zip_code': '11101', 'country': 'US', 'state': 'NY', 'display_address': ['45-09 34th Ave', 'Long Island City, NY 11101']}",+17182551349,(718) 255-1349,1436.5909009267687
33,V2-olnmwbpmji8i1BuePxQ,casa-rubio-cafe-astoria,Casa Rubio Cafe,https://s3-media3.fl.yelpcdn.com/bphoto/NPV-hlu7o9YQ27rXwueFNQ/o.jpg,False,https://www.yelp.com/biz/casa-rubio-cafe-astoria?adjust_creative=TKz2edtltxgYtPzgSrH9EQ&utm_campaign=yelp_api_v3&utm_medium=api_v3_business_search&utm_source=TKz2edtltxgYtPzgSrH9EQ,54,"[{'alias': 'spanish', 'title': 'Spanish'}, {'alias': 'latin', 'title': 'Latin American'}, {'alias': 'tapasmallplates', 'title': 'Tapas/Small Plates'}]",5.0,"{'latitude': 40.7713691, 'longitude': -73.922149}","['pickup', 'delivery']",$$,"{'address1': '25-17 Astoria Blvd', 'address2': None, 'address3': '', 'city': 'Astoria', 'zip_code': '11102', 'country': 'US', 'state': 'NY', 'display_address': ['25-17 Astoria Blvd', 'Astoria, NY 11102']}",+19293280030,(929) 328-0030,498.2065670056289
34,CBbKuUbhW662l2w1IwT_Tw,corazon-de-mexico-restaurant-and-bar-long-island-city-3,Corazon De Mexico Restaurant & Bar,https://s3-media3.fl.yelpcdn.com/bphoto/J2-5OLLPcA5Naqwq3LlvsQ/o.jpg,False,https://www.yelp.com/biz/corazon-de-mexico-restaurant-and-bar-long-island-city-3?adjust_creative=TKz2edtltxgYtPzgSrH9EQ&utm_campaign=yelp_api_v3&utm_medium=api_v3_business_search&utm_source=TKz2edtltxgYtPzgSrH9EQ,53,"[{'alias': 'mexican', 'title': 'Mexican'}, {'alias': 'cocktailbars', 'title': 'Cocktail Bars'}, {'alias': 'venues', 'title': 'Venues & Event Spaces'}]",4.0,"{'latitude': 40.74281, 'longitude': -73.95348}","['restaurant_reservation', 'pickup', 'delivery']",$$,"{'address1': '10-09 50th Ave', 'address2': '', 'address3': None, 'city': 'Long Island City', 'zip_code': '11101', 'country': 'US', 'state': 'NY', 'display_address': ['10-09 50th Ave', 'Long Island City, NY 11101']}",+19292084764,(929) 208-4764,3761.460080859892
35,zscLFr_wQUmSRGkup2YjpA,mexicue-new-york-13,Mexicue,https://s3-media4.fl.yelpcdn.com/bphoto/e5weQ0PXjy-anzGRBWfQeg/o.jpg,False,https://www.yelp.com/biz/mexicue-new-york-13?adjust_creative=TKz2edtltxgYtPzgSrH9EQ&utm_campaign=yelp_api_v3&utm_medium=api_v3_business_search&utm_source=TKz2edtltxgYtPzgSrH9EQ,159,"[{'alias': 'mexican', 'title': 'Mexican'}, {'alias': 'breakfast_brunch', 'title': 'Breakfast & Brunch'}, {'alias': 'cocktailbars', 'title': 'Cocktail Bars'}]",4.0,"{'latitude': 40.77536, 'longitude': -73.95628}","['restaurant_reservation', 'pickup', 'delivery']",$$,"{'address1': '1429 3rd Ave', 'address2': '', 'address3': None, 'city': 'New York', 'zip_code': '10028', 'country': 'US', 'state': 'NY', 'display_address': ['1429 3rd Ave', 'New York, NY 10028']}",+12129884700,(212) 988-4700,3015.5880645948055
36,P-XnPhzdGbgbMYIcS0cpTA,the-brewery-bar-and-kitchen-woodside-2,The Brewery Bar & Kitchen,https://s3-media3.fl.yelpcdn.com/bphoto/cZEIissEdJmp1L8ZOQiBrg/o.jpg,False,https://www.yelp.com/biz/the-brewery-bar-and-kitchen-woodside-2?adjust_creative=TKz2edtltxgYtPzgSrH9EQ&utm_campaign=yelp_api_v3&utm_medium=api_v3_business_search&utm_source=TKz2edtltxgYtPzgSrH9EQ,114,"[{'alias': 'sportsbars', 'title': 'Sports Bars'}, {'alias': 'tradamerican', 'title': 'American (Traditional)'}, {'alias': 'irish', 'title': 'Irish'}]",4.5,"{'latitude': 40.760256, 'longitude': -73.907328}","['pickup', 'delivery']",$$,"{'address1': '49-18 30th Ave', 'address2': '', 'address3': '', 'city': 'Woodside', 'zip_code': '11377', 'country': 'US', 'state': 'NY', 'display_address': ['49-18 30th Ave', 'Woodside, NY 11377']}",+17187778007,(718) 777-8007,1453.2011396950788
37,KgxzEspPDlfZ-6_HX70mfg,ninos-aq-astoria,Ninos Aq,https://s3-media1.fl.yelpcdn.com/bphoto/OewwZSvN74NjIef9TML-dw/o.jpg,False,https://www.yelp.com/biz/ninos-aq-astoria?adjust_creative=TKz2edtltxgYtPzgSrH9EQ&utm_campaign=yelp_api_v3&utm_medium=api_v3_business_search&utm_source=TKz2edtltxgYtPzgSrH9EQ,129,"[{'alias': 'cocktailbars', 'title': 'Cocktail Bars'}, {'alias': 'italian', 'title': 'Italian'}, {'alias': 'breakfast_brunch', 'title': 'Breakfast & Brunch'}]",4.0,"{'latitude': 40.774944, 'longitude': -73.908585}",['restaurant_reservation'],,"{'address1': '35-01 Ditmars Blvd', 'address2': '', 'address3': None, 'city': 'Astoria', 'zip_code': '11105', 'country': 'US', 'state': 'NY', 'display_address': ['35-01 Ditmars Blvd', 'Astoria, NY 11105']}",+17187770010,(718) 777-0010,1454.6238299450683
38,3lLBRLbXAIgd1yZgWgnfeg,dutch-kills-long-island-city,Dutch Kills,https://s3-media1.fl.yelpcdn.com/bphoto/I4paO44YkfkRmeABU4TsCQ/o.jpg,False,https://www.yelp.com/biz/dutch-kills-long-island-city?adjust_creative=TKz2edtltxgYtPzgSrH9EQ&utm_campaign=yelp_api_v3&utm_medium=api_v3_business_search&utm_source=TKz2edtltxgYtPzgSrH9EQ,749,"[{'alias': 'lounges', 'title': 'Lounges'}, {'alias': 'cocktailbars', 'title': 'Cocktail Bars'}]",4.0,"{'latitude': 40.747615, 'longitude': -73.940159}",[],$$,"{'address1': '27-24 Jackson Ave', 'address2': '', 'address3': '', 'city': 'Long Island City', 'zip_code': '11101', 'country': 'US', 'state': 'NY', 'display_address': ['27-24 Jackson Ave', 'Long Island City, NY 11101']}",+17183832724,(718) 383-2724,2623.420552251128
39,DB45nM2VMUocjPejFArc1g,the-social-astoria,The Social,https://s3-media3.fl.yelpcdn.com/bphoto/yB4wta3fFcUGl_TgabGmRQ/o.jpg,False,https://www.yelp.com/biz/the-social-astoria?adjust_creative=TKz2edtltxgYtPzgSrH9EQ&utm_campaign=yelp_api_v3&utm_medium=api_v3_business_search&utm_source=TKz2edtltxgYtPzgSrH9EQ,63,"[{'alias': 'tapasmallplates', 'title': 'Tapas/Small Plates'}, {'alias': 'newamerican', 'title': 'American (New)'}, {'alias': 'cocktailbars', 'title': 'Cocktail Bars'}]",4.5,"{'latitude': 40.76434, 'longitude': -73.91655}",[],$$,"{'address1': '37-06 30th Ave', 'address2': '', 'address3': None, 'city': 'Astoria', 'zip_code': '11103', 'country': 'US', 'state': 'NY', 'display_address': ['37-06 30th Ave', 'Astoria, NY 11103']}",+17187723777,(718) 772-3777,559.1471932704986
40,9qOUxAQD6Tasr9TVUlSvdg,los-amigos-mexican-restaurant-astoria,Los Amigos Mexican Restaurant,https://s3-media3.fl.yelpcdn.com/bphoto/cybahfUDTSsO0CBDnkHdiA/o.jpg,False,https://www.yelp.com/biz/los-amigos-mexican-restaurant-astoria?adjust_creative=TKz2edtltxgYtPzgSrH9EQ&utm_campaign=yelp_api_v3&utm_medium=api_v3_business_search&utm_source=TKz2edtltxgYtPzgSrH9EQ,130,"[{'alias': 'mexican', 'title': 'Mexican'}, {'alias': 'chicken_wings', 'title': 'Chicken Wings'}]",3.0,"{'latitude': 40.7744827270508, 'longitude': -73.9123611450195}","['pickup', 'delivery']",$$,"{'address1': '2273 31st St', 'address2': '', 'address3': '', 'city': 'Astoria', 'zip_code': '11105', 'country': 'US', 'state': 'NY', 'display_address': ['2273 31st St', 'Astoria, NY 11105']}",+17187268708,(718) 726-8708,1181.813427351272
41,47_jHPl3p4-OYGCVLy2ZIA,salvatoria-kitchen-and-bar-astoria,Salvatoria Kitchen & Bar,https://s3-media4.fl.yelpcdn.com/bphoto/OTiR7em71xSzn83KjYWcaQ/o.jpg,False,https://www.yelp.com/biz/salvatoria-kitchen-and-bar-astoria?adjust_creative=TKz2edtltxgYtPzgSrH9EQ&utm_campaign=yelp_api_v3&utm_medium=api_v3_business_search&utm_source=TKz2edtltxgYtPzgSrH9EQ,165,"[{'alias': 'salvadoran', 'title': 'Salvadoran'}, {'alias': 'bars', 'title': 'Bars'}]",4.5,"{'latitude': 40.76142, 'longitude': -73.92486}","['pickup', 'delivery']",$$,"{'address1': '31-18 Broadway', 'address2': None, 'address3': '', 'city': 'Astoria', 'zip_code': '11106', 'country': 'US', 'state': 'NY', 'display_address': ['31-18 Broadway', 'Astoria, NY 11106']}",+17187772829,(718) 777-2829,640.7302686320372
42,q2D80--iDkSwf_OKsS-jdA,la-pulperia-ues-new-york-3,La Pulperia UES,https://s3-media2.fl.yelpcdn.com/bphoto/PkdSju9bO5wz4ZSva_8h1g/o.jpg,False,https://www.yelp.com/biz/la-pulperia-ues-new-york-3?adjust_creative=TKz2edtltxgYtPzgSrH9EQ&utm_campaign=yelp_api_v3&utm_medium=api_v3_business_search&utm_source=TKz2edtltxgYtPzgSrH9EQ,723,"[{'alias': 'latin', 'title': 'Latin American'}, {'alias': 'seafood', 'title': 'Seafood'}, {'alias': 'cocktailbars', 'title': 'Cocktail Bars'}]",4.0,"{'latitude': 40.7766202, 'longitude': -73.9523275}","['pickup', 'delivery', 'restaurant_reservation']",$$,"{'address1': '1626 2nd Ave', 'address2': None, 'address3': '', 'city': 'New York', 'zip_code': '10028', 'country': 'US', 'state': 'NY', 'display_address': ['1626 2nd Ave', 'New York, NY 10028']}",+12129330757,(212) 933-0757,2758.5095412574838
43,hsOssMippVdSL_-nmjBUtw,ritmos-60-astoria,Ritmos 60,https://s3-media4.fl.yelpcdn.com/bphoto/Vlol9j-k23Y1dyeHNWkzug/o.jpg,False,https://www.yelp.com/biz/ritmos-60-astoria?adjust_creative=TKz2edtltxgYtPzgSrH9EQ&utm_campaign=yelp_api_v3&utm_medium=api_v3_business_search&utm_source=TKz2edtltxgYtPzgSrH9EQ,23,"[{'alias': 'bars', 'title': 'Bars'}]",3.5,"{'latitude': 40.758482, 'longitude': -73.919373}",[],$$,"{'address1': '32-23 Steinway St', 'address2': '', 'address3': '', 'city': 'Astoria', 'zip_code': '11103', 'country': 'US', 'state': 'NY', 'display_address': ['32-23 Steinway St', 'Astoria, NY 11103']}",+17182041110,(718) 204-1110,964.5376405675175
44,lPAqNxEtJrcZY-X17h4zTQ,rocky-mcbrides-astoria,Rocky McBride's,https://s3-media1.fl.yelpcdn.com/bphoto/wqO23T1OZ3dkbjtxO8eSfg/o.jpg,False,https://www.yelp.com/biz/rocky-mcbrides-astoria?adjust_creative=TKz2edtltxgYtPzgSrH9EQ&utm_campaign=yelp_api_v3&utm_medium=api_v3_business_search&utm_source=TKz2edtltxgYtPzgSrH9EQ,80,"[{'alias': 'sportsbars', 'title': 'Sports Bars'}, {'alias': 'pubs', 'title': 'Pubs'}]",4.5,"{'latitude': 40.77611, 'longitude': -73.91488}",[],$$,"{'address1': '27-01 23rd Ave', 'address2': '', 'address3': '', 'city': 'Astoria', 'zip_code': '11105', 'country': 'US', 'state': 'NY', 'display_address': ['27-01 23rd Ave', 'Astoria, NY 11105']}",+17187772723,(718) 777-2723,1188.5519886419092
45,UH_aksIxzGPPyhWZJbTP7A,cantina-taqueria-and-tequila-bar-new-york,Cantina Taqueria & Tequila Bar,https://s3-media2.fl.yelpcdn.com/bphoto/egX3aqObtlgWxIk0q4L__A/o.jpg,False,https://www.yelp.com/biz/cantina-taqueria-and-tequila-bar-new-york?adjust_creative=TKz2edtltxgYtPzgSrH9EQ&utm_campaign=yelp_api_v3&utm_medium=api_v3_business_search&utm_source=TKz2edtltxgYtPzgSrH9EQ,492,"[{'alias': 'mexican', 'title': 'Mexican'}, {'alias': 'latin', 'title': 'Latin American'}, {'alias': 'cocktailbars', 'title': 'Cocktail Bars'}]",4.0,"{'latitude': 40.8003063353508, 'longitude': -73.9549569049235}","['pickup', 'delivery']",$$,"{'address1': '1838 7th Ave', 'address2': None, 'address3': '', 'city': 'New York', 'zip_code': '10026', 'country': 'US', 'state': 'NY', 'display_address': ['1838 7th Ave', 'New York, NY 10026']}",+18336982267,(833) 698-2267,4627.750977137055
46,dgaNriM1VdI2nGochhHE_g,casa-enrique-long-island-city,Casa Enrique,https://s3-media4.fl.yelpcdn.com/bphoto/PTQbaqicKuCeiVjr_HzFZQ/o.jpg,False,https://www.yelp.com/biz/casa-enrique-long-island-city?adjust_creative=TKz2edtltxgYtPzgSrH9EQ&utm_campaign=yelp_api_v3&utm_medium=api_v3_business_search&utm_source=TKz2edtltxgYtPzgSrH9EQ,1145,"[{'alias': 'mexican', 'title': 'Mexican'}]",4.0,"{'latitude': 40.743404338358, 'longitude': -73.954350367693}",['delivery'],$$,"{'address1': '5-48 49th Ave', 'address2': '', 'address3': '', 'city': 'Long Island City', 'zip_code': '11101', 'country': 'US', 'state': 'NY', 'display_address': ['5-48 49th Ave', 'Long Island City, NY 11101']}",+13474486040,(347) 448-6040,3762.27867896703
47,xrKa2SpgWzPEEbji3Iw2DQ,the-calaveras-new-york,The Calaveras,https://s3-media3.fl.yelpcdn.com/bphoto/u1T_ydEtCiKCGyvKVzR1-w/o.jpg,False,https://www.yelp.com/biz/the-calaveras-new-york?adjust_creative=TKz2edtltxgYtPzgSrH9EQ&utm_campaign=yelp_api_v3&utm_medium=api_v3_business_search&utm_source=TKz2edtltxgYtPzgSrH9EQ,103,"[{'alias': 'bars', 'title': 'Bars'}, {'alias': 'mexican', 'title': 'Mexican'}, {'alias': 'tapasmallplates', 'title': 'Tapas/Small Plates'}]",4.5,"{'latitude': 40.79956, 'longitude': -73.96241}","['pickup', 'delivery', 'restaurant_reservation']",$$,"{'address1': '949 Columbus Ave', 'address2': None, 'address3': '', 'city': 'New York', 'zip_code': '10025', 'country': 'US', 'state': 'NY', 'display_address': ['949 Columbus Ave', 'New York, NY 10025']}",+16464846533,(646) 484-6533,4963.939652888454
48,_HxxUvRp-0FMH_RoEzG1TA,barnacho-new-york-3,Barnacho,https://s3-media4.fl.yelpcdn.com/bphoto/fjHcdwQwV7QpjfpZjqRIUw/o.jpg,False,https://www.yelp.com/biz/barnacho-new-york-3?adjust_creative=TKz2edtltxgYtPzgSrH9EQ&utm_campaign=yelp_api_v3&utm_medium=api_v3_business_search&utm_source=TKz2edtltxgYtPzgSrH9EQ,195,"[{'alias': 'mexican', 'title': 'Mexican'}, {'alias': 'cocktailbars', 'title': 'Cocktail Bars'}, {'alias': 'tex-mex', 'title': 'Tex-Mex'}]",4.0,"{'latitude': 40.7540321350098, 'longitude': -73.9688491821289}","['pickup', 'delivery']",$$,"{'address1': '920 2nd Ave', 'address2': '', 'address3': '', 'city': 'New York', 'zip_code': '10017', 'country': 'US', 'state': 'NY', 'display_address': ['920 2nd Ave', 'New York, NY 10017']}",+12128329426,(212) 832-9426,4181.734677368224
49,qr24KgWcZGUhKZIPyVMsNw,maz-mezcal-new-york,Maz Mezcal,https://s3-media3.fl.yelpcdn.com/bphoto/_HbB0z8VKaIW4-2dQUU2tg/o.jpg,False,https://www.yelp.com/biz/maz-mezcal-new-york?adjust_creative=TKz2edtltxgYtPzgSrH9EQ&utm_campaign=yelp_api_v3&utm_medium=api_v3_business_search&utm_source=TKz2edtltxgYtPzgSrH9EQ,348,"[{'alias': 'mexican', 'title': 'Mexican'}]",3.5,"{'latitude': 40.77741, 'longitude': -73.95103}",[],$$,"{'address1': '316 E 86th St', 'address2': '', 'address3': '', 'city': 'New York', 'zip_code': '10028', 'country': 'US', 'state': 'NY', 'display_address': ['316 E 86th St', 'New York, NY 10028']}",+12124721599,(212) 472-1599,2690.3573977315145
